,type,date(yyyyMMddHHmmss),author,message,latitude,longitude, location,spam,hashtags,sentiment_score,sentiment,datetime,seconds,tokens,keywords,labels
9,ccdata,20140123170000,,keep the peace-crowd control/abila city park,,,Egeou St / Parla St,0,[],0.0,1,2014-01-23 17:00:00,61200.0,"['keep', 'the', 'peace-crowd', 'control/abila', 'city', 'park']","['keep', 'peace-crowd', 'control/abila', 'city', 'park']",[]
28,ccdata,20140123170210,,traffic stop,,,N. Els St / N. Polvo St,0,[],0.0,1,2014-01-23 17:02:10,61330.0,"['traffic', 'stop']","['traffic', 'stop']",['emergency']
59,ccdata,20140123170513,,park check,,,2099 Sannan Pky,0,[],0.0,1,2014-01-23 17:05:13,61513.0,"['park', 'check']","['park', 'check']",[]
123,ccdata,20140123171102,,disturbance-noise,,,3654 N. Barwyn St,0,[],0.0,1,2014-01-23 17:11:02,61862.0,['disturbance-noise'],['disturbance-noise'],[]
131,ccdata,20140123171153,,alarm-secure no crime,,,3815 N. Blant St,0,[],0.0,1,2014-01-23 17:11:53,61913.0,"['alarm-secure', 'no', 'crime']","['alarm-secure', 'crime']","['emergency', 'crime']"
134,ccdata,20140123171159,,misdemeanor assault-in progress,,,N. Dentro St / N. Omirou St,0,[],0.0,1,2014-01-23 17:11:59,61919.0,"['misdemeanor', 'assault-in', 'progress']","['misdemeanor', 'assault-in', 'progress']",['crime']
173,ccdata,20140123171447,,subject stop,,,3815 N. Barwyn St,0,[],-0.16666666666666666,0,2014-01-23 17:14:47,62087.0,"['subject', 'stop']","['subject', 'stop']",[]
185,ccdata,20140123171501,,suspicious subject/circumstances-in progress,,,436 Zefirou Ave,0,[],0.0,1,2014-01-23 17:15:01,62101.0,"['suspicious', 'subject/circumstances-in', 'progress']","['suspicious', 'subject/circumstances-in', 'progress']",[]
188,ccdata,20140123171513,,traffic stop,,,3703 N. Pilau St,0,[],0.0,1,2014-01-23 17:15:13,62113.0,"['traffic', 'stop']","['traffic', 'stop']",['emergency']
209,ccdata,20140123171600,,incomplete call for police,,,,0,[],0.0,1,2014-01-23 17:16:00,62160.0,"['incomplete', 'call', 'for', 'police']","['incomplete', 'call', 'police']",['crime']
224,ccdata,20140123171725,,business check,,,898 N. Utanfor St,0,[],0.0,1,2014-01-23 17:17:25,62245.0,"['business', 'check']","['business', 'check']",[]
235,ccdata,20140123171800,,vehicle accident-report,,,N. Spetson St / N. Arkadou St,0,[],0.0,1,2014-01-23 17:18:00,62280.0,"['vehicle', 'accident-report']","['vehicle', 'accident-report']",[]
245,ccdata,20140123171833,,check on hazard,,,4304 N. Arbete St,0,[],0.0,1,2014-01-23 17:18:33,62313.0,"['check', 'on', 'hazard']","['check', 'hazard']",['emergency']
255,ccdata,20140123171900,,disturbance-noise,,,3177 N. Gounaraki St,0,[],0.0,1,2014-01-23 17:19:00,62340.0,['disturbance-noise'],['disturbance-noise'],[]
279,ccdata,20140123172100,,incomplete call for police,,,,0,[],0.0,1,2014-01-23 17:21:00,62460.0,"['incomplete', 'call', 'for', 'police']","['incomplete', 'call', 'police']",['crime']
290,ccdata,20140123172200,,vehicle accident-report,,,2582 N. Parla St,0,[],0.0,1,2014-01-23 17:22:00,62520.0,"['vehicle', 'accident-report']","['vehicle', 'accident-report']",[]
297,ccdata,20140123172247,,traffic stop,,,4133 N. Androutsou St,0,[],0.0,1,2014-01-23 17:22:47,62567.0,"['traffic', 'stop']","['traffic', 'stop']",['emergency']
302,ccdata,20140123172251,,alarm-secure no crime,,,4357 N. Blant St,0,[],0.0,1,2014-01-23 17:22:51,62571.0,"['alarm-secure', 'no', 'crime']","['alarm-secure', 'crime']","['emergency', 'crime']"
309,ccdata,20140123172322,,subject stop,,,4252 N. Bairn St,0,[],-0.16666666666666666,0,2014-01-23 17:23:22,62602.0,"['subject', 'stop']","['subject', 'stop']",[]
353,ccdata,20140123172545,,misdemeanor assault-in progress,,,N. Gounaraki St / N. Bairn Stt,0,[],0.0,1,2014-01-23 17:25:45,62745.0,"['misdemeanor', 'assault-in', 'progress']","['misdemeanor', 'assault-in', 'progress']",['crime']
357,ccdata,20140123172551,,traffic stop,,,Rist Way / Niovis St,0,[],0.0,1,2014-01-23 17:25:51,62751.0,"['traffic', 'stop']","['traffic', 'stop']",['emergency']
373,ccdata,20140123172642,,incomplete call for police,,,,0,[],0.0,1,2014-01-23 17:26:42,62802.0,"['incomplete', 'call', 'for', 'police']","['incomplete', 'call', 'police']",['crime']
380,ccdata,20140123172658,,suspicious subject/circumstances-in progress,,,2673 N. Androutsou St,0,[],0.0,1,2014-01-23 17:26:58,62818.0,"['suspicious', 'subject/circumstances-in', 'progress']","['suspicious', 'subject/circumstances-in', 'progress']",[]
387,ccdata,20140123172700,,subject stop,,,3351 N. Tzavella St,0,[],-0.16666666666666666,0,2014-01-23 17:27:00,62820.0,"['subject', 'stop']","['subject', 'stop']",[]
405,ccdata,20140123172745,,disturbance-noise,,,3198 N. Gounaraki St,0,[],0.0,1,2014-01-23 17:27:45,62865.0,['disturbance-noise'],['disturbance-noise'],[]
418,ccdata,20140123172802,,crowd control-street closure,,,N. Parla St from Egeou Ave North to N. Alm St,0,[],0.0,1,2014-01-23 17:28:02,62882.0,"['crowd', 'control-street', 'closure']","['crowd', 'control-street', 'closure']",[]
436,ccdata,20140123172900,,suspicious subject/circumstances-in progress,,,N. Pilau St / N. Carnero St,0,[],0.0,1,2014-01-23 17:29:00,62940.0,"['suspicious', 'subject/circumstances-in', 'progress']","['suspicious', 'subject/circumstances-in', 'progress']",[]
468,ccdata,20140123173200,,alarm-secure no crime,,,3234 N. Avionos St,0,[],0.0,1,2014-01-23 17:32:00,63120.0,"['alarm-secure', 'no', 'crime']","['alarm-secure', 'crime']","['emergency', 'crime']"
492,ccdata,20140123173400,,vehicle accident-report,,,N. Taxiarchon St / N. Arkadou St,0,[],0.0,1,2014-01-23 17:34:00,63240.0,"['vehicle', 'accident-report']","['vehicle', 'accident-report']",[]
502,ccdata,20140123173501,,traffic stop,,,N. Artakis St / N. Evzonon St,0,[],0.0,1,2014-01-23 17:35:01,63301.0,"['traffic', 'stop']","['traffic', 'stop']",['emergency']
516,ccdata,20140123173611,,park check,,,2999 N. Arkadiou St,0,[],0.0,1,2014-01-23 17:36:11,63371.0,"['park', 'check']","['park', 'check']",[]
534,ccdata,20140123173802,,business check,,,S. Achilleos St / S. Utanfor St,0,[],0.0,1,2014-01-23 17:38:02,63482.0,"['business', 'check']","['business', 'check']",[]
537,ccdata,20140123173814,,incomplete call for police,,,,0,[],0.0,1,2014-01-23 17:38:14,63494.0,"['incomplete', 'call', 'for', 'police']","['incomplete', 'call', 'police']",['crime']
544,ccdata,20140123173900,,traffic stop,,,2014 Sannan Pky,0,[],0.0,1,2014-01-23 17:39:00,63540.0,"['traffic', 'stop']","['traffic', 'stop']",['emergency']
559,ccdata,20140123174056,,subject stop,,,N. Berlau St / N. Taxiarchon Ave,0,[],-0.16666666666666666,0,2014-01-23 17:40:56,63656.0,"['subject', 'stop']","['subject', 'stop']",[]
560,ccdata,20140123174100,,disturbance-noise,,,4777 N. Arkadou St,0,[],0.0,1,2014-01-23 17:41:00,63660.0,['disturbance-noise'],['disturbance-noise'],[]
568,ccdata,20140123174200,,vehicle accident-report,,,Vissaraki St / Rist Way,0,[],0.0,1,2014-01-23 17:42:00,63720.0,"['vehicle', 'accident-report']","['vehicle', 'accident-report']",[]
575,ccdata,20140123174231,,traffic stop,,,N. Alexandrias St / N. Evzonon St,0,[],0.0,1,2014-01-23 17:42:31,63751.0,"['traffic', 'stop']","['traffic', 'stop']",['emergency']
586,ccdata,20140123174309,,misdemeanor assault-in progress,,,2211 N. Artakis St,0,[],0.0,1,2014-01-23 17:43:09,63789.0,"['misdemeanor', 'assault-in', 'progress']","['misdemeanor', 'assault-in', 'progress']",['crime']
592,ccdata,20140123174400,,suspicious subject/circumstances-in progress,,,1439 N. Utanfor St,0,[],0.0,1,2014-01-23 17:44:00,63840.0,"['suspicious', 'subject/circumstances-in', 'progress']","['suspicious', 'subject/circumstances-in', 'progress']",[]
609,ccdata,20140123174611,,alarm-secure no crime,,,2411 N. Averof St,0,[],0.0,1,2014-01-23 17:46:11,63971.0,"['alarm-secure', 'no', 'crime']","['alarm-secure', 'crime']","['emergency', 'crime']"
632,ccdata,20140123174900,,vehicle accident-report,,,N. Pilau St / N. Barwyn St,0,[],0.0,1,2014-01-23 17:49:00,64140.0,"['vehicle', 'accident-report']","['vehicle', 'accident-report']",[]
645,ccdata,20140123175000,,traffic stop,,,N. Taxiarchon Ave / N. Alm St,0,[],0.0,1,2014-01-23 17:50:00,64200.0,"['traffic', 'stop']","['traffic', 'stop']",['emergency']
662,ccdata,20140123175123,,subject stop,,,N. Carnero St / N. Omirou St,0,[],-0.16666666666666666,0,2014-01-23 17:51:23,64283.0,"['subject', 'stop']","['subject', 'stop']",[]
669,ccdata,20140123175232,,business check,,,N. Agisilaou St / N. Lumen St,0,[],0.0,1,2014-01-23 17:52:32,64352.0,"['business', 'check']","['business', 'check']",[]
683,ccdata,20140123175359,,incomplete call for police,,,,0,[],0.0,1,2014-01-23 17:53:59,64439.0,"['incomplete', 'call', 'for', 'police']","['incomplete', 'call', 'police']",['crime']
763,ccdata,20140123180401,,alarm-secure no crime,,,3247 N. Mikonou St,0,[],0.0,1,2014-01-23 18:04:01,65041.0,"['alarm-secure', 'no', 'crime']","['alarm-secure', 'crime']","['emergency', 'crime']"
777,ccdata,20140123180447,,disturbance-noise,,,101 Vatopediou Rd,0,[],0.0,1,2014-01-23 18:04:47,65087.0,['disturbance-noise'],['disturbance-noise'],[]
784,ccdata,20140123180515,,subject stop,,,1919 N. Pilau St,0,[],-0.16666666666666666,0,2014-01-23 18:05:15,65115.0,"['subject', 'stop']","['subject', 'stop']",[]
795,ccdata,20140123180615,,traffic stop,,,2978 N. Taxiarchon Ave,0,[],0.0,1,2014-01-23 18:06:15,65175.0,"['traffic', 'stop']","['traffic', 'stop']",['emergency']
811,ccdata,20140123180752,,park check,,,3301 N. Taxiarchon Ave,0,[],0.0,1,2014-01-23 18:07:52,65272.0,"['park', 'check']","['park', 'check']",[]
830,ccdata,20140123180922,,misdemeanor assault-in progress,,,5367 N. Averof St,0,[],0.0,1,2014-01-23 18:09:22,65362.0,"['misdemeanor', 'assault-in', 'progress']","['misdemeanor', 'assault-in', 'progress']",['crime']
839,ccdata,20140123181002,,vandalism-report,,,6055 N. Desafio St,0,[],0.0,1,2014-01-23 18:10:02,65402.0,['vandalism-report'],['vandalism-report'],['crime']
876,ccdata,20140123181349,,traffic stop,,,Rist Way / Exadakitiou Way,0,[],0.0,1,2014-01-23 18:13:49,65629.0,"['traffic', 'stop']","['traffic', 'stop']",['emergency']
884,ccdata,20140123181413,,business check,,,2197 Rist Way,0,[],0.0,1,2014-01-23 18:14:13,65653.0,"['business', 'check']","['business', 'check']",[]
901,ccdata,20140123181533,,incomplete call for police,,,,0,[],0.0,1,2014-01-23 18:15:33,65733.0,"['incomplete', 'call', 'for', 'police']","['incomplete', 'call', 'police']",['crime']
913,ccdata,20140123181634,,subject stop,,,N. Pilau St / N. Aveny St,0,[],-0.16666666666666666,0,2014-01-23 18:16:34,65794.0,"['subject', 'stop']","['subject', 'stop']",[]
925,ccdata,20140123181755,,suspicious subject/circumstances-in progress,,,781 S. Maskin St,0,[],0.0,1,2014-01-23 18:17:55,65875.0,"['suspicious', 'subject/circumstances-in', 'progress']","['suspicious', 'subject/circumstances-in', 'progress']",[]
943,ccdata,20140123182000,,check on hazard,,,3776 N. Scarkeme St,0,[],0.0,1,2014-01-23 18:20:00,66000.0,"['check', 'on', 'hazard']","['check', 'hazard']",['emergency']
959,ccdata,20140123182144,,traffic stop,,,5607 N. Bilar St,0,[],0.0,1,2014-01-23 18:21:44,66104.0,"['traffic', 'stop']","['traffic', 'stop']",['emergency']
989,ccdata,20140123182500,,alarm-secure no crime,,,4678 N. Delfon St,0,[],0.0,1,2014-01-23 18:25:00,66300.0,"['alarm-secure', 'no', 'crime']","['alarm-secure', 'crime']","['emergency', 'crime']"
1029,ccdata,20140123183000,,traffic stop,,,N. Taxiarchon Ave / N. Agiasou St,0,[],0.0,1,2014-01-23 18:30:00,66600.0,"['traffic', 'stop']","['traffic', 'stop']",['emergency']
1033,ccdata,20140123183100,,traffic stop,,,N. Carnero St / N. Pilai St,0,[],0.0,1,2014-01-23 18:31:00,66660.0,"['traffic', 'stop']","['traffic', 'stop']",['emergency']
1047,ccdata,20140123183221,,traffic stop,,,N. Pilau St / N. Aveny St,0,[],0.0,1,2014-01-23 18:32:21,66741.0,"['traffic', 'stop']","['traffic', 'stop']",['emergency']
1048,ccdata,20140123183223,,park check,,,3801 N. Spetson St,0,[],0.0,1,2014-01-23 18:32:23,66743.0,"['park', 'check']","['park', 'check']",[]
1049,ccdata,20140123183224,,suspicious subject/circumstances-in progress,,,1218 Ipsilantou Ave,0,[],0.0,1,2014-01-23 18:32:24,66744.0,"['suspicious', 'subject/circumstances-in', 'progress']","['suspicious', 'subject/circumstances-in', 'progress']",[]
1067,ccdata,20140123183418,,subject stop,,,S. Maskin St / S. Eleftherias St,0,[],-0.16666666666666666,0,2014-01-23 18:34:18,66858.0,"['subject', 'stop']","['subject', 'stop']",[]
1079,ccdata,20140123183500,,disturbance-noise,,,3114 N. Asiant St,0,[],0.0,1,2014-01-23 18:35:00,66900.0,['disturbance-noise'],['disturbance-noise'],[]
1097,ccdata,20140123183725,,business check,,,3799 N. Taxiarchon Ave,0,[],0.0,1,2014-01-23 18:37:25,67045.0,"['business', 'check']","['business', 'check']",[]
1101,ccdata,20140123183800,,traffic stop,,,N. Bilar St / N. Ketallinias St,0,[],0.0,1,2014-01-23 18:38:00,67080.0,"['traffic', 'stop']","['traffic', 'stop']",['emergency']
1124,ccdata,20140123184000,,possible fire-report,,,N. Achilleos St / N. Madeg St,0,[],0.0,1,2014-01-23 18:40:00,67200.0,"['possible', 'fire-report']","['possible', 'fire-report']",['fire']
1125,ccdata,20140123184000,,possible fire-report,,,N. Madeg St / N. Acera St,0,[],0.0,1,2014-01-23 18:40:00,67200.0,"['possible', 'fire-report']","['possible', 'fire-report']",['fire']
1129,ccdata,20140123184032,,incomplete call for police,,,,0,[],0.0,1,2014-01-23 18:40:32,67232.0,"['incomplete', 'call', 'for', 'police']","['incomplete', 'call', 'police']",['crime']
1138,ccdata,20140123184100,,misdemeanor assault-in progress,,,Makedonias St / S. Palmant St,0,[],0.0,1,2014-01-23 18:41:00,67260.0,"['misdemeanor', 'assault-in', 'progress']","['misdemeanor', 'assault-in', 'progress']",['crime']
1155,ccdata,20140123184210,,fire/medics needed-fire trucks #41 and #57 dispatched to fire,,,N. Achilleos St / N. Madeg St,0,"['#41', '#57']",0.0,1,2014-01-23 18:42:10,67330.0,"['fire/medics', 'needed-fire', 'trucks', '#', '41', 'and', '#', '57', 'dispatched', 'to', 'fire']","['fire/medics', 'needed-fire', 'trucks', '41', '57', 'dispatched', 'fire']",['fire']
1161,ccdata,20140123184245,,disturbance-noise,,,3455 N. Anntigonou St,0,[],0.0,1,2014-01-23 18:42:45,67365.0,['disturbance-noise'],['disturbance-noise'],[]
1169,ccdata,20140123184304,,traffic stop,,,N. Mattadou St / N. Anntigonou St,0,[],0.0,1,2014-01-23 18:43:04,67384.0,"['traffic', 'stop']","['traffic', 'stop']",['emergency']
1171,ccdata,20140123184321,,all units broadcast-building fire,,,N. Achilleos St / N. Madeg St,0,[],0.0,1,2014-01-23 18:43:21,67401.0,"['all', 'units', 'broadcast-building', 'fire']","['units', 'broadcast-building', 'fire']",['fire']
1174,ccdata,20140123184328,,vandalism-report,,,N. Eira St / N. Sina Way,0,[],0.0,1,2014-01-23 18:43:28,67408.0,['vandalism-report'],['vandalism-report'],['crime']
1185,ccdata,20140123184400,,police needed-police units #101 and #220 dispatched to fire,,,N. Achilleos St / N. Madeg St,0,"['#101', '#220']",0.0,1,2014-01-23 18:44:00,67440.0,"['police', 'needed-police', 'units', '#', '101', 'and', '#', '220', 'dispatched', 'to', 'fire']","['police', 'needed-police', 'units', '101', '220', 'dispatched', 'fire']","['crime', 'fire']"
1197,ccdata,20140123184441,,alarm-secure no crime,,,2112 N. Aveny St,0,[],0.0,1,2014-01-23 18:44:41,67481.0,"['alarm-secure', 'no', 'crime']","['alarm-secure', 'crime']","['emergency', 'crime']"
1234,ccdata,20140123184522,,traffic stop,,,5066 N. Berlau St,0,[],0.0,1,2014-01-23 18:45:22,67522.0,"['traffic', 'stop']","['traffic', 'stop']",['emergency']
1254,ccdata,20140123184547,,incomplete call for police,,,,0,[],0.0,1,2014-01-23 18:45:47,67547.0,"['incomplete', 'call', 'for', 'police']","['incomplete', 'call', 'police']",['crime']
1306,ccdata,20140123184700,,fire/medics needed-amublance dispatched to fire,,,N. Achilleos St / N. Madeg St,0,[],0.0,1,2014-01-23 18:47:00,67620.0,"['fire/medics', 'needed-amublance', 'dispatched', 'to', 'fire']","['fire/medics', 'needed-amublance', 'dispatched', 'fire']",['fire']
1320,ccdata,20140123184709,,fire/medics needed-fire truck #23 dispatched to fire,,,N. Achilleos St / N. Madeg St,0,['#23'],0.0,1,2014-01-23 18:47:09,67629.0,"['fire/medics', 'needed-fire', 'truck', '#', '23', 'dispatched', 'to', 'fire']","['fire/medics', 'needed-fire', 'truck', '23', 'dispatched', 'fire']",['fire']
1325,ccdata,20140123184711,,traffic stop,,,N. Arbete St / N. Utmana St,0,[],0.0,1,2014-01-23 18:47:11,67631.0,"['traffic', 'stop']","['traffic', 'stop']",['emergency']
1343,ccdata,20140123184756,,misdemeanor assault-in progress,,,N. Els St / N. Polvo St,0,[],0.0,1,2014-01-23 18:47:56,67676.0,"['misdemeanor', 'assault-in', 'progress']","['misdemeanor', 'assault-in', 'progress']",['crime']
1363,ccdata,20140123184802,,police unit dispatched-crowd control,,,N. Achilleos St / N. Madeg St,0,[],0.0,1,2014-01-23 18:48:02,67682.0,"['police', 'unit', 'dispatched-crowd', 'control']","['police', 'unit', 'dispatched-crowd', 'control']",['crime']
1397,ccdata,20140123184943,,traffic stop,,,Rist Way / N. Desafio St,0,[],0.0,1,2014-01-23 18:49:43,67783.0,"['traffic', 'stop']","['traffic', 'stop']",['emergency']
1415,ccdata,20140123185021,,disturbance-noise,,,2491 N. Thessalias St,0,[],0.0,1,2014-01-23 18:50:21,67821.0,['disturbance-noise'],['disturbance-noise'],[]
1438,ccdata,20140123185200,,alarm-secure no crime,,,3671 N. Valmai St,0,[],0.0,1,2014-01-23 18:52:00,67920.0,"['alarm-secure', 'no', 'crime']","['alarm-secure', 'crime']","['emergency', 'crime']"
1469,ccdata,20140123185237,,incomplete call for police,,,,0,[],0.0,1,2014-01-23 18:52:37,67957.0,"['incomplete', 'call', 'for', 'police']","['incomplete', 'call', 'police']",['crime']
1515,ccdata,20140123185501,,traffic stop,,,N. Arbete St / N. Oddisseos St,0,[],0.0,1,2014-01-23 18:55:01,68101.0,"['traffic', 'stop']","['traffic', 'stop']",['emergency']
1637,ccdata,20140123190200,,traffic stop,,,N. Arbete St / N. Spetson St,0,[],0.0,1,2014-01-23 19:02:00,68520.0,"['traffic', 'stop']","['traffic', 'stop']",['emergency']
1678,ccdata,20140123190348,,disturbance-noise,,,N. Hacia St / N. Carretera St,0,[],0.0,1,2014-01-23 19:03:48,68628.0,['disturbance-noise'],['disturbance-noise'],[]
1707,ccdata,20140123190554,,park check,,,4999 N. Parla St,0,[],0.0,1,2014-01-23 19:05:54,68754.0,"['park', 'check']","['park', 'check']",[]
1725,ccdata,20140123190700,,traffic stop,,,N. Thermopilon St / N. Carnero St,0,[],0.0,1,2014-01-23 19:07:00,68820.0,"['traffic', 'stop']","['traffic', 'stop']",['emergency']
1765,ccdata,20140123191000,,alarm-secure no crime,,,2727 N. Thessalias St,0,[],0.0,1,2014-01-23 19:10:00,69000.0,"['alarm-secure', 'no', 'crime']","['alarm-secure', 'crime']","['emergency', 'crime']"
1807,ccdata,20140123191407,,misdemeanor assault-in progress,,,5097 N. Asiant St,0,[],0.0,1,2014-01-23 19:14:07,69247.0,"['misdemeanor', 'assault-in', 'progress']","['misdemeanor', 'assault-in', 'progress']",['crime']
1833,ccdata,20140123191607,,traffic stop,,,3398 N. Polvo St,0,[],0.0,1,2014-01-23 19:16:07,69367.0,"['traffic', 'stop']","['traffic', 'stop']",['emergency']
1846,ccdata,20140123191702,,incomplete call for police,,,,0,[],0.0,1,2014-01-23 19:17:02,69422.0,"['incomplete', 'call', 'for', 'police']","['incomplete', 'call', 'police']",['crime']
1867,ccdata,20140123191834,,vehicle accident - report,,,1422 N. Souliou St,0,[],0.0,1,2014-01-23 19:18:34,69514.0,"['vehicle', 'accident', '-', 'report']","['vehicle', 'accident', 'report']",[]
1878,ccdata,20140123191900,,vehicle accident - no or unknown injuries,,,1422 N. Souliou St,0,[],-0.1,0,2014-01-23 19:19:00,69540.0,"['vehicle', 'accident', '-', 'no', 'or', 'unknown', 'injuries']","['vehicle', 'accident', 'unknown', 'injuries']",['emergency']
1911,ccdata,20140123192042,,traffic stop,,,N. Spetson St / N. Barabla St,0,[],0.0,1,2014-01-23 19:20:42,69642.0,"['traffic', 'stop']","['traffic', 'stop']",['emergency']
1912,ccdata,20140123192048,,suspicious subject/circumstances-in progress,,,N. Scarkeme St / N. Bilar St,0,[],0.0,1,2014-01-23 19:20:48,69648.0,"['suspicious', 'subject/circumstances-in', 'progress']","['suspicious', 'subject/circumstances-in', 'progress']",[]
1913,ccdata,20140123192059,,felony hit & run - in progress-with injury,,,500 Block of N. Schaber Ave,0,[],0.0,1,2014-01-23 19:20:59,69659.0,"['felony', 'hit', '&', 'run', '-', 'in', 'progress-with', 'injury']","['felony', 'hit', '&', 'run', 'progress-with', 'injury']",['crime']
1932,ccdata,20140123192138,,felony hit & run-in progress-with injury,,,547 N. Schaber Ave,0,[],0.0,1,2014-01-23 19:21:38,69698.0,"['felony', 'hit', '&', 'run-in', 'progress-with', 'injury']","['felony', 'hit', '&', 'run-in', 'progress-with', 'injury']",['crime']
1944,ccdata,20140123192200,,all units broadcast-felony hit & run-black van/partial plate #l829,,,ALL UNITS,0,['#L829'],0.0,1,2014-01-23 19:22:00,69720.0,"['all', 'units', 'broadcast-felony', 'hit', '&', 'run-black', 'van/partial', 'plate', '#', 'l829']","['units', 'broadcast-felony', 'hit', '&', 'run-black', 'van/partial', 'plate', 'l829']",['crime']
1961,ccdata,20140123192300,,fire/medics dispatched-pedestrian hit & run,,,547 N. Schaber Ave,0,[],0.0,1,2014-01-23 19:23:00,69780.0,"['fire/medics', 'dispatched-pedestrian', 'hit', '&', 'run']","['fire/medics', 'dispatched-pedestrian', 'hit', '&', 'run']",['fire']
1974,ccdata,20140123192344,,crime scene investigation-request,,,547 N. Schaber Ave,0,[],0.0,1,2014-01-23 19:23:44,69824.0,"['crime', 'scene', 'investigation-request']","['crime', 'scene', 'investigation-request']",['crime']
1984,ccdata,20140123192415,,suspicious occupied vehicle-black van,,,Egeou Ave / Ipsilantou Ave,0,[],0.0,1,2014-01-23 19:24:15,69855.0,"['suspicious', 'occupied', 'vehicle-black', 'van']","['suspicious', 'occupied', 'vehicle-black', 'van']",[]
2010,ccdata,20140123192500,,disturbance-noise,,,N. Limnou St / Nikomidias St,0,[],0.0,1,2014-01-23 19:25:00,69900.0,['disturbance-noise'],['disturbance-noise'],[]
2018,ccdata,20140123192508,,suspicious occupied vehicle-black van,,,N. Hacia St / N. Brada St,0,[],0.0,1,2014-01-23 19:25:08,69908.0,"['suspicious', 'occupied', 'vehicle-black', 'van']","['suspicious', 'occupied', 'vehicle-black', 'van']",[]
2041,ccdata,20140123192655,,suspicious occupied vehicle-black van,,,N. Antoniadou St / N. Estos St,0,[],0.0,1,2014-01-23 19:26:55,70015.0,"['suspicious', 'occupied', 'vehicle-black', 'van']","['suspicious', 'occupied', 'vehicle-black', 'van']",[]
2051,ccdata,20140123192700,,suspicious occupied vehicle-black van,,,Profitou Ilia St / Egeou Ave,0,[],0.0,1,2014-01-23 19:27:00,70020.0,"['suspicious', 'occupied', 'vehicle-black', 'van']","['suspicious', 'occupied', 'vehicle-black', 'van']",[]
2096,ccdata,20140123193000,,traffic stop,,,3701 Polvo St,0,[],0.0,1,2014-01-23 19:30:00,70200.0,"['traffic', 'stop']","['traffic', 'stop']",['emergency']
2145,ccdata,20140123193507,,reckless/hazaradous driver-in progress,,,Egeou Ave / Polvo St,0,[],0.0,1,2014-01-23 19:35:07,70507.0,"['reckless/hazaradous', 'driver-in', 'progress']","['reckless/hazaradous', 'driver-in', 'progress']",[]
2151,ccdata,20140123193558,,pursuit-police unit #253 in pursuit,,,Egeou Ave / Nia Ave,0,['#253'],0.0,1,2014-01-23 19:35:58,70558.0,"['pursuit-police', 'unit', '#', '253', 'in', 'pursuit']","['pursuit-police', 'unit', '253', 'pursuit']",['crime']
2162,ccdata,20140123193600,,pursuit continues-police units #253 and #357/second unit joins,,,Egeou Ave / Limnou St,0,"['#253', '#357']",0.0,1,2014-01-23 19:36:00,70560.0,"['pursuit', 'continues-police', 'units', '#', '253', 'and', '#', '357/second', 'unit', 'joins']","['pursuit', 'continues-police', 'units', '253', '357/second', 'unit', 'joins']",['crime']
2174,ccdata,20140123193700,,suspicious occupied vehicle-black van,,,S. Limnou St / S. Eleftherias St,0,[],0.0,1,2014-01-23 19:37:00,70620.0,"['suspicious', 'occupied', 'vehicle-black', 'van']","['suspicious', 'occupied', 'vehicle-black', 'van']",[]
2189,ccdata,20140123193822,,suspicious occupied vehicle-black van,,,N. Limnou St / N. Achilleos St,0,[],0.0,1,2014-01-23 19:38:22,70702.0,"['suspicious', 'occupied', 'vehicle-black', 'van']","['suspicious', 'occupied', 'vehicle-black', 'van']",[]
2207,ccdata,20140123193907,,pursuit-continues-police units #253 and #357,,,N. Limnou St / N. Alexandrias St,0,"['#253', '#357']",0.0,1,2014-01-23 19:39:07,70747.0,"['pursuit-continues-police', 'units', '#', '253', 'and', '#', '357']","['pursuit-continues-police', 'units', '253', '357']",['crime']
2217,ccdata,20140123193940,,incomplete call for police,,,,0,[],0.0,1,2014-01-23 19:39:40,70780.0,"['incomplete', 'call', 'for', 'police']","['incomplete', 'call', 'police']",['crime']
2237,ccdata,20140123194000,,felony assault/weapon-in progress,,,N. Alexandrias St / N. Ithakis St,0,[],0.0,1,2014-01-23 19:40:00,70800.0,"['felony', 'assault/weapon-in', 'progress']","['felony', 'assault/weapon-in', 'progress']",['crime']
2245,ccdata,20140123194022,,disturbance-noise,,,1615 N. Omirou St,0,[],0.0,1,2014-01-23 19:40:22,70822.0,['disturbance-noise'],['disturbance-noise'],[]
2261,ccdata,20140123194041,,suspicious occupied vehicle-black van,,,3611 N. Berlau St,0,[],0.0,1,2014-01-23 19:40:41,70841.0,"['suspicious', 'occupied', 'vehicle-black', 'van']","['suspicious', 'occupied', 'vehicle-black', 'van']",[]
2272,ccdata,20140123194100,,suspicious subject/circumstances-in progress,,,3107 N. Alexandrias St,0,[],0.0,1,2014-01-23 19:41:00,70860.0,"['suspicious', 'subject/circumstances-in', 'progress']","['suspicious', 'subject/circumstances-in', 'progress']",[]
2279,ccdata,20140123194107,,traffic stop,,,2708 N. Polvo St,0,[],0.0,1,2014-01-23 19:41:07,70867.0,"['traffic', 'stop']","['traffic', 'stop']",['emergency']
2293,ccdata,20140123194122,,alarm-secure no crime,,,5101 N. Carden St,0,[],0.0,1,2014-01-23 19:41:22,70882.0,"['alarm-secure', 'no', 'crime']","['alarm-secure', 'crime']","['emergency', 'crime']"
2297,ccdata,20140123194129,,suspicious occupied vehicle-black van,,,N. Oddisseos St / N. Antoniadou St,0,[],0.0,1,2014-01-23 19:41:29,70889.0,"['suspicious', 'occupied', 'vehicle-black', 'van']","['suspicious', 'occupied', 'vehicle-black', 'van']",[]
2324,ccdata,20140123194148,,subject stop,,,3277 N. Agentes St,0,[],-0.16666666666666666,0,2014-01-23 19:41:48,70908.0,"['subject', 'stop']","['subject', 'stop']",[]
2328,ccdata,20140123194157,,fire/medics needed-officer down,,,N. Alexandrias St / N. Ithakis St,0,[],-0.15555555555555559,0,2014-01-23 19:41:57,70917.0,"['fire/medics', 'needed-officer', 'down']","['fire/medics', 'needed-officer']","['crime', 'fire']"
2346,ccdata,20140123194214,,suspicious occupied vehicle-black van,,,1492 N. Lumen St,0,[],0.0,1,2014-01-23 19:42:14,70934.0,"['suspicious', 'occupied', 'vehicle-black', 'van']","['suspicious', 'occupied', 'vehicle-black', 'van']",[]
2353,ccdata,20140123194222,,check on hazard,,,6007 N. Artakis St,0,[],0.0,1,2014-01-23 19:42:22,70942.0,"['check', 'on', 'hazard']","['check', 'hazard']",['emergency']
2358,ccdata,20140123194228,,fire/medics needed-ambulance dispatched,,,N. Alexandrias St / N. Ithakis St,0,[],0.0,1,2014-01-23 19:42:28,70948.0,"['fire/medics', 'needed-ambulance', 'dispatched']","['fire/medics', 'needed-ambulance', 'dispatched']","['emergency', 'fire']"
2389,ccdata,20140123194311,,suspicious occupied vehicle-black van,,,1066 N. Lumen St,0,[],0.0,1,2014-01-23 19:43:11,70991.0,"['suspicious', 'occupied', 'vehicle-black', 'van']","['suspicious', 'occupied', 'vehicle-black', 'van']",[]
2415,ccdata,20140123194337,,dire emergency/police needed-officer down-send additional units,,,N. Alexandrias St / N. Ithakis St,0,[],0.0,1,2014-01-23 19:43:37,71017.0,"['dire', 'emergency/police', 'needed-officer', 'down-send', 'additional', 'units']","['dire', 'emergency/police', 'needed-officer', 'down-send', 'additional', 'units']","['emergency', 'crime', 'fire']"
2418,ccdata,20140123194339,,disturbance-noise,,,1979 N. Arkadou St,0,[],0.0,1,2014-01-23 19:43:39,71019.0,['disturbance-noise'],['disturbance-noise'],[]
2448,ccdata,20140123194400,,alarm-secure no crime,,,5501 Anrop St,0,[],0.0,1,2014-01-23 19:44:00,71040.0,"['alarm-secure', 'no', 'crime']","['alarm-secure', 'crime']","['emergency', 'crime']"
2457,ccdata,20140123194411,,police units dispatched,,,N. Alexandrias St / N. Ithakis St,0,[],0.0,1,2014-01-23 19:44:11,71051.0,"['police', 'units', 'dispatched']","['police', 'units', 'dispatched']",['crime']
2472,ccdata,20140123194428,,dire emergency/swat team dispatched,,,N. Alexandrias St / N. Ithakis St,0,[],0.0,1,2014-01-23 19:44:28,71068.0,"['dire', 'emergency/swat', 'team', 'dispatched']","['dire', 'emergency/swat', 'team', 'dispatched']","['emergency', 'fire']"
2476,ccdata,20140123194429,,suspicious occupied vehicle-black van,,,N. Ithakis St / N. Dentro St,0,[],0.0,1,2014-01-23 19:44:29,71069.0,"['suspicious', 'occupied', 'vehicle-black', 'van']","['suspicious', 'occupied', 'vehicle-black', 'van']",[]
2489,ccdata,20140123194451,,incomplete call for police,,,,0,[],0.0,1,2014-01-23 19:44:51,71091.0,"['incomplete', 'call', 'for', 'police']","['incomplete', 'call', 'police']",['crime']
2518,ccdata,20140123194511,,misdemeanor assault-in progress,,,N. Arkadou St / N. Sirrakou St,0,[],0.0,1,2014-01-23 19:45:11,71111.0,"['misdemeanor', 'assault-in', 'progress']","['misdemeanor', 'assault-in', 'progress']",['crime']
2585,ccdata,20140123194647,,traffic stop,,,64 Pafin Rd,0,[],0.0,1,2014-01-23 19:46:47,71207.0,"['traffic', 'stop']","['traffic', 'stop']",['emergency']
2586,ccdata,20140123194651,,incomplete call for police,,,,0,[],0.0,1,2014-01-23 19:46:51,71211.0,"['incomplete', 'call', 'for', 'police']","['incomplete', 'call', 'police']",['crime']
2603,ccdata,20140123194700,,crime scene investigation request-location/person/incident of interest,,,1422 N. Souliou St,0,[],0.0,1,2014-01-23 19:47:00,71220.0,"['crime', 'scene', 'investigation', 'request-location/person/incident', 'of', 'interest']","['crime', 'scene', 'investigation', 'request-location/person/incident', 'interest']","['emergency', 'crime']"
2628,ccdata,20140123194813,,alarm-secure no crime,,,6464 N. Carnero St,0,[],0.0,1,2014-01-23 19:48:13,71293.0,"['alarm-secure', 'no', 'crime']","['alarm-secure', 'crime']","['emergency', 'crime']"
2651,ccdata,20140123194900,,vehicle accident-report,,,N. Pilau St / N. Arkadiou St,0,[],0.0,1,2014-01-23 19:49:00,71340.0,"['vehicle', 'accident-report']","['vehicle', 'accident-report']",[]
2707,ccdata,20140123195233,,vandalism-report,,,N. Oddisseos St / N. Asiant St,0,[],0.0,1,2014-01-23 19:52:33,71553.0,['vandalism-report'],['vandalism-report'],['crime']
2736,ccdata,20140123195500,,shoplifting,,,N. Limnou St / N. Berlau St,0,[],0.0,1,2014-01-23 19:55:00,71700.0,['shoplifting'],['shoplifting'],['crime']
2758,ccdata,20140123195657,,vehicle accident-report,,,N. Spetson St / N. Androutsou St,0,[],0.0,1,2014-01-23 19:56:57,71817.0,"['vehicle', 'accident-report']","['vehicle', 'accident-report']",[]
2776,ccdata,20140123195732,,subject stop,,,84 Iroon Rd,0,[],-0.16666666666666666,0,2014-01-23 19:57:32,71852.0,"['subject', 'stop']","['subject', 'stop']",[]
2848,ccdata,20140123200100,,traffic stop,,, N. Polvo St / Egeou Ave,0,[],0.0,1,2014-01-23 20:01:00,72060.0,"['traffic', 'stop']","['traffic', 'stop']",['emergency']
2920,ccdata,20140123200545,,incomplete call for police,,,,0,[],0.0,1,2014-01-23 20:05:45,72345.0,"['incomplete', 'call', 'for', 'police']","['incomplete', 'call', 'police']",['crime']
2941,ccdata,20140123200658,,suspicious subject/circumstances-in progress,,,2439 N. Profitou Ilia Ave,0,[],0.0,1,2014-01-23 20:06:58,72418.0,"['suspicious', 'subject/circumstances-in', 'progress']","['suspicious', 'subject/circumstances-in', 'progress']",[]
2942,ccdata,20140123200659,,traffic stop,,,N. Prevezis St / N. Androutsou St,0,[],0.0,1,2014-01-23 20:06:59,72419.0,"['traffic', 'stop']","['traffic', 'stop']",['emergency']
2944,ccdata,20140123200700,,crime scene investigation request-location/dwelling of interest,,,1122 N. Maskin St,0,[],0.0,1,2014-01-23 20:07:00,72420.0,"['crime', 'scene', 'investigation', 'request-location/dwelling', 'of', 'interest']","['crime', 'scene', 'investigation', 'request-location/dwelling', 'interest']",['crime']
2973,ccdata,20140123200801,,traffic stop,,,Rist Way / Niovis St,0,[],0.0,1,2014-01-23 20:08:01,72481.0,"['traffic', 'stop']","['traffic', 'stop']",['emergency']
3013,ccdata,20140123201000,,narcotic activity-report,,,N. Dimitriou St / N. Madeg St,0,[],0.0,1,2014-01-23 20:10:00,72600.0,"['narcotic', 'activity-report']","['narcotic', 'activity-report']",[]
3044,ccdata,20140123201038,,vehicle accident-report,,,N. Polvo St / N. Anntigonou St,0,[],0.0,1,2014-01-23 20:10:38,72638.0,"['vehicle', 'accident-report']","['vehicle', 'accident-report']",[]
3050,ccdata,20140123201053,,check on hazard,,,N. Pilau St / N. Arkadiou St,0,[],0.0,1,2014-01-23 20:10:53,72653.0,"['check', 'on', 'hazard']","['check', 'hazard']",['emergency']
3053,ccdata,20140123201100,,alarm-secure no crime,,,2203 N. Wenna St,0,[],0.0,1,2014-01-23 20:11:00,72660.0,"['alarm-secure', 'no', 'crime']","['alarm-secure', 'crime']","['emergency', 'crime']"
3116,ccdata,20140123201500,,traffic stop,,,4607 N. Barwyn St,0,[],0.0,1,2014-01-23 20:15:00,72900.0,"['traffic', 'stop']","['traffic', 'stop']",['emergency']
3208,ccdata,20140123202103,,subject stop,,,N. Estos St / N. Barabla St,0,[],-0.16666666666666666,0,2014-01-23 20:21:03,73263.0,"['subject', 'stop']","['subject', 'stop']",[]
3236,ccdata,20140123202221,,misdemeanor assault-in progress,,,3184 N. Agisilaou St,0,[],0.0,1,2014-01-23 20:22:21,73341.0,"['misdemeanor', 'assault-in', 'progress']","['misdemeanor', 'assault-in', 'progress']",['crime']
3306,ccdata,20140123202713,,incomplete call for police,,,,0,[],0.0,1,2014-01-23 20:27:13,73633.0,"['incomplete', 'call', 'for', 'police']","['incomplete', 'call', 'police']",['crime']
3326,ccdata,20140123202842,,traffic stop,,,N. Polvo St / N. Androutsou St,0,[],0.0,1,2014-01-23 20:28:42,73722.0,"['traffic', 'stop']","['traffic', 'stop']",['emergency']
3330,ccdata,20140123202907,,shoplifting,,,2297 Filis St,0,[],0.0,1,2014-01-23 20:29:07,73747.0,['shoplifting'],['shoplifting'],['crime']
3360,ccdata,20140123203102,,narcotic activity-report,,,644 S. Honoliau St,0,[],0.0,1,2014-01-23 20:31:02,73862.0,"['narcotic', 'activity-report']","['narcotic', 'activity-report']",[]
3395,ccdata,20140123203300,,alarm-secure no crime,,,3103 N. Alamanas St,0,[],0.0,1,2014-01-23 20:33:00,73980.0,"['alarm-secure', 'no', 'crime']","['alarm-secure', 'crime']","['emergency', 'crime']"
3419,ccdata,20140123203401,,prowler,,,Niovis St / N. Aveny St,0,[],0.0,1,2014-01-23 20:34:01,74041.0,['prowler'],['prowler'],[]
3446,ccdata,20140123203509,,subject stop,,,4001 N. Arbete St,0,[],-0.16666666666666666,0,2014-01-23 20:35:09,74109.0,"['subject', 'stop']","['subject', 'stop']",[]
3505,ccdata,20140123204000,,traffic stop,,,Vissaraki St / Rist Way,0,[],0.0,1,2014-01-23 20:40:00,74400.0,"['traffic', 'stop']","['traffic', 'stop']",['emergency']
3541,ccdata,20140123204500,,vandalism-report,,,N. Parla St / N. Dentro St,0,[],0.0,1,2014-01-23 20:45:00,74700.0,['vandalism-report'],['vandalism-report'],['crime']
3571,ccdata,20140123204817,,alarm-secure no crime,,,5401 N. Hix St,0,[],0.0,1,2014-01-23 20:48:17,74897.0,"['alarm-secure', 'no', 'crime']","['alarm-secure', 'crime']","['emergency', 'crime']"
3599,ccdata,20140123205000,,narcotic activity-report,,,4754 N. Valmai St,0,[],0.0,1,2014-01-23 20:50:00,75000.0,"['narcotic', 'activity-report']","['narcotic', 'activity-report']",[]
3625,ccdata,20140123205200,,suspicious subject/circumstances-in progress,,,N. Pilau St / N. Achilleos St,0,[],0.0,1,2014-01-23 20:52:00,75120.0,"['suspicious', 'subject/circumstances-in', 'progress']","['suspicious', 'subject/circumstances-in', 'progress']",[]
3689,ccdata,20140123210000,,traffic stop,,,3550 Rist Way,0,[],0.0,1,2014-01-23 21:00:00,75600.0,"['traffic', 'stop']","['traffic', 'stop']",['emergency']
3695,ccdata,20140123210004,,shoplifting,,,2781 N. Estos St,0,[],0.0,1,2014-01-23 21:00:04,75604.0,['shoplifting'],['shoplifting'],['crime']
3781,ccdata,20140123211000,,misdemeanor assault-in progress,,,N. Agentes St / N. Parla St,0,[],0.0,1,2014-01-23 21:10:00,76200.0,"['misdemeanor', 'assault-in', 'progress']","['misdemeanor', 'assault-in', 'progress']",['crime']
3804,ccdata,20140123211345,,traffic stop,,,3297 N. Parla St,0,[],0.0,1,2014-01-23 21:13:45,76425.0,"['traffic', 'stop']","['traffic', 'stop']",['emergency']
3824,ccdata,20140123211500,,crime scene investigation-request-location/person/vehicle of interest,,,N. Alexandrias St / N. Ithakis St,0,[],0.0,1,2014-01-23 21:15:00,76500.0,"['crime', 'scene', 'investigation-request-location/person/vehicle', 'of', 'interest']","['crime', 'scene', 'investigation-request-location/person/vehicle', 'interest']",['crime']
3853,ccdata,20140123211711,,subject stop,,,Egeou St / Parla St,0,[],-0.16666666666666666,0,2014-01-23 21:17:11,76631.0,"['subject', 'stop']","['subject', 'stop']",[]
3872,ccdata,20140123211903,,check on hazard,,,Exadakitiou Way / Rist Way,0,[],0.0,1,2014-01-23 21:19:03,76743.0,"['check', 'on', 'hazard']","['check', 'hazard']",['emergency']
3894,ccdata,20140123212050,,prowler,,,N. Limnou St / N. Alm St,0,[],0.0,1,2014-01-23 21:20:50,76850.0,['prowler'],['prowler'],[]
3908,ccdata,20140123212111,,drunk subject,,,2299 N. Finiatur St,0,[],-0.3333333333333333,0,2014-01-23 21:21:11,76871.0,"['drunk', 'subject']","['drunk', 'subject']",[]
3926,ccdata,20140123212200,,crime scene investigation-request-additional units-location/dwelling of interest,,,1122 N. Maskin St,0,[],0.0,1,2014-01-23 21:22:00,76920.0,"['crime', 'scene', 'investigation-request-additional', 'units-location/dwelling', 'of', 'interest']","['crime', 'scene', 'investigation-request-additional', 'units-location/dwelling', 'interest']",['crime']
3983,ccdata,20140123212500,,suspicious subject/circumstances-in progress,,,S. Mikonou St / S. Achilleos St,0,[],0.0,1,2014-01-23 21:25:00,77100.0,"['suspicious', 'subject/circumstances-in', 'progress']","['suspicious', 'subject/circumstances-in', 'progress']",[]
4013,ccdata,20140123212712,,traffic stop,,,N. Pilau St / N. Diogenous St,0,[],0.0,1,2014-01-23 21:27:12,77232.0,"['traffic', 'stop']","['traffic', 'stop']",['emergency']
4046,ccdata,20140123213010,,misdemeanor assault-in progress,,,S. Mikonou St / S. Achilleos St,0,[],0.0,1,2014-01-23 21:30:10,77410.0,"['misdemeanor', 'assault-in', 'progress']","['misdemeanor', 'assault-in', 'progress']",['crime']
